Title,Link
Biede 别的,https://www.biede.com/feed/
庭说,https://tingtalk.me/atom.xml
Mobile01,https://www.mobile01.com/rss/news.xml
阮一峰的网络日志,http://www.ruanyifeng.com/blog/atom.xml
极客公园-GeekPark,http://www.geekpark.net/rss
利器,https://liqi.io/index.xml
数英网 DIGITALING,https://www.digitaling.com/rss
科学松鼠会,http://songshuhui.net/feed
大破进击,https://jesor.me/feed.xml
湾区日报,http://wanqu.co/feed
苹果fans博客,http://www.mac52ipod.cn/feed.php
尚磊的博客,http://shanglei.net/feed
爱范儿,http://www.ifanr.com/feed
Blog | Phodal - A Growth Engineer,https://www.phodal.com/blog/feeds/rss/
"糖醋陈皮的博客 | 主要写: Dev, Business | guokrfans@gmail.com",http://1c7.me/rss/
JustZht,http://www.justzht.com/rss/
异次元软件世界,https://feed.iplaysoft.com
 利器x播客 ,https://liqixpodcast.typlog.io/feed.xml
OSCHINA 社区最新新闻,https://www.oschina.net/news/rss
反斗限免,http://free.apprcn.com/feed/
美团技术团队,https://tech.meituan.com/feed/
BIHell,http://www.bihell.com/feed.xml
枫言枫语,http://justinyan.me/feed
江南一点雨,http://www.javaboy.org/atom.xml
技术小黑屋,https://droidyue.com/atom.xml
云风的 BLOG,https://blog.codingnow.com/atom.xml
唐巧的博客,http://blog.devtang.com/atom.xml
酷壳 - CoolShell.cn,https://coolshell.cn/feed
少数派,http://sspai.com/feed
小众软件,https://feed.appinn.com/
新趣集,https://xinquji.com/rss
卢昌海个人主页,https://www.changhai.org/feed.xml
Mac玩儿法,http://www.waerfa.com/feed
最美应用,http://zuimeia.com/feed/
精品MAC应用分享,http://xclient.info/feed/
极客部落,http://g22z.com/rss
Elmagnifico's Blog,http://elmagnifico.tech/feed.xml
Typecho爱好者博客,https://qqdie.com/feed
Plum's Blog,http://plumz.me/feed/
区块链新闻资讯 - 链闻帐号 - 链闻 ChainNews,https://www.chainnews.com/feeds/official/
Lu Shuyu's NoteBook,https://blog.aqours.life/feed/
HCLonely Blog,https://blog.hclonely.com/atom.xml
香菇肥牛的博客,https://qing.su/feed
ThoughtWorks洞见,http://insights.thoughtworkers.org/feed/
破袜子,http://pewae.com/feed
Gea-Suan Lin's BLOG,http://blog.gslin.org/feed/
BlogHub,https://bloghub.fun/feeds
郭霖的专栏,https://blog.csdn.net/guolin_blog/rss/list
始终,https://liam.page/atom.xml
Hwchiu Learning Note,http://hwchiu.com/atom.xml
MiaoTony's小窝,https://miaotony.xyz/atom.xml
张鑫旭-鑫空间-鑫生活,https://www.zhangxinxu.com/wordpress/feed/
我，魔术师,https://imagician.net/feed
国光,http://www.sqlsec.com/atom.xml
老罗的博客,https://www.music4x.com/feed
约伊兹的萌狼乡手札,https://blog.yoitsu.moe/feeds/all.atom.xml
Keep Coding,https://yuechuanx.top/atom.xml
江南一点雨,http://www.javaboy.org/atom.xml
独立开发者社区,https://indiehackers.net/topics/feed
AppCoda,http://www.appcoda.com.tw/feed/
鸟叔の窝,https://thornbird.org/feed
记忆角落,http://199604.com/feed
首页 on 木木木木木,https://immmmm.com/feed
思考问题的熊,https://kaopubear.top/blog/atom.xml
reuixiy,https://io-oi.me/rss.xml
啸天's Blog-个人笔记,https://www.xtboke.cn/feed/
Shu's Garden,https://www.sitstars.com/feed/
面向信仰编程,https://draveness.me/feed.xml
有赞技术团队,http://tech.youzan.com/rss/
一只土贼,http://www.tuzei8.com/rss/index.rss
坚果,http://pandaqr.github.io/feed.xml
求是设计会,http://feed.feedsky.com/qiushid
ㄇㄞˋ點子靈感創意誌,http://www.mydesy.com/feed
應永會,http://blog.sina.com.cn/rss/1281318562.xml
｛    大  好  設  計  河  山    ｝,http://d.xinyaoyao.com/feed/
[ i D 公 社 ] · 发现有意味的设计,http://feeds.feedburner.com/ID
爱字体,http://www.aifont.com/post/?feed=rss2
13Tech,http://13tech.com.cn/?feed=rss2
理想生活实验室,http://www.toodaylab.com/feed
安妮薇时报 Anyway.News,https://anyway.us1.list-manage.com/track/click?u=8dc26bb48dd15964cbc363ffc&id=c046c3b8a1&e=8b0cd2459b
Type is Beautiful,http://feeds.feedburner.com/TypeIsBeautiful
justfont blog,http://blog.justfont.com/feed/
嫁給RD的 UI Designer,http://akanelee.logdown.com/posts.rss
Dine,http://news.dinehq.com/?format=rss
Be For Web,http://beforweb.com/rss.xml
JDC | 京东设计中心,http://jdc.jd.com/feed
Anyway.FM × 设计杂谈,http://anyway.fm/rss.xml
优设网 – UISDC,http://www.uisdc.com/feed
Xiaoxiao's Weblog,http://liuyuntian.com/feed
二三事,https://jessieji.com/feed.xml
ShoppingDesign,https://www.shoppingdesign.com.tw/rss
人人都是产品经理,http://www.woshipm.com/feed
guang yu,http://www.guang-yu.net/rss
TW洞见,http://insights.thoughtworkers.org/feed/
HPX 輕鬆聚,http://www.hpx.tw/feed
图月志 // JJ Ying 的界面设计博客,http://iconmoon.com/blog2/feed.php
Yuguo.us,https://yuguo.us/feed.xml
KAIAK.TW | 城市美學的新態度,http://kaiak.tw/?feed=rss2
PMCAFF产品经理社区 中国第一产品经理人气组织,https://api.pmcaff.com/api/v0/select/rss
标志情报局,http://www.logonews.cn/feed
腾讯CDC,http://cdc.tencent.com/?feed=rss2
TOPYS | 全球顶尖创意分享平台 OPEN YOUR MIND,https://www.topys.cn/rss
VOICER｜分享生活和设计的美学,http://www.voicer.me/feed
累牍,http://www.chinanonfiction.com/feed/
端傳媒 | Initium Media,http://feeds.initium.news/theinitium
FT中文网 - 今日焦点,http://www.ftchinese.com/rss/news
观点_四月网,http://app.m4.cn/?app=rss&controller=index&action=feed&catid=248
bbcchinese.com | 新闻主页,http://www.bbc.co.uk/zhongwen/simp/index.xml
纽约时报中文网 国际纵览,http://cn.nytimes.com/rss/news.xml
報導者,https://www.twreporter.org/a/rss2.xml
界面rss订阅,https://a.jiemian.com/index.php?m=article&a=rss
換日線Crossing 最新文章,https://crossing.cw.com.tw/rss
小球飞鱼,https://mantyke.icu/index.xml
沉默之沙 – 云五的自留地,https://yukieyun.net/feed/
火喵日记本,https://cat.dorcandy.cn/feed
大大的小蜗牛,https://eallion.com/atom.xml
Yuis Blog,https://uis-blog.typlog.io/feed.xml
PlatformReading,https://www.wangyurui.top/index.php/feed/
旅兔驿站,https://journeybunnies.com/feed
All about podcasts,https://follow.it/allaboutpod
筷子小手,https://macin.org/atom.xml
猫和柴的野游,https://meowshiba.com/feed
小武爸爸 在日本四十岁退休,http://www.tuixiu40.com/feed
Wenson的隨筆網站,http://wensonyeh.blogspot.com/feeds/posts/default
zonble,http://zonble.net/feed
杜思妥，也乎？斯記。,http://dostoe.blogspot.com/feeds/posts/default
港文集,http://feeds.feedburner.com/hktext
Blog of Insanity (狂人日記),http://paulsin.blogspot.com/feeds/posts/default
Jedi's BLOG,http://jedi.org/blog/index.xml
多面体的雹子 polyhedron’s blog,https://biopolyhedron.github.io/atom.xml
Taiwan 2.0,https://taiwan.chtsai.org/feed/
取经号JTW,https://qujinghao.com/feed/
伪医生律师的博客,https://chidd.net/feed
HEAVEN RAVEN,http://www.heavenraven.com/feed
simple style,http://feeds2.feedburner.com/sstyle
森纯博客-记录生活和分享知识的个人博客网站,https://isenchun.cn/feed
低头族,https://ditou.org/index.xml
61’s life,https://61.life/feed.xml
Yaowan,https://yaowan.pub/feed/
HuoJu's BLOG,https://jhuo.ca/index.xml
Mivansaka's Blog,https://mivansaka.xyz/feed.xml
她已非昔日之她,https://underwaternya.github.io/feed.xml
ZGQ's Blog,https://blog.izgq.net/feed/
DHTalk's Blog,https://zhangdinghao.cn/atom.xml
Linghao’s Blog,https://linghao.io/feed.xml
觉论 | The Sense of Design & Life. | Issei's Blog,http://blog.ryouissei.com/atom.xml
汝者非鱼,https://rzfyu.com/feed
一介大叔,http://www.winature.com/?feed=rss2
编程随想的博客,https://feeds2.feedburner.com/programthink
城中村群租房,http://www.darmau.com/rss
大Joy在侃村,http://giantjoy.net/feed/
瓠樽,https://blog.dylanwu.space/feed.xml
旧日的足迹,https://jrdzj.cc/feed/
杨肉的演讲台,https://yangzhe1991.org/blog/feed/
小财神的奋斗,http://caisixiang.com/feed
自留地 – WEB VIEW,http://webview.tech/category/original/feed/
白板报,http://www.wangpei.net/feed/
NickTalk,https://www.nicktalk.com/podcasts?format=RSS
透明日报,https://daily.tmr.js.org/atom.xml
见字如面,https://hiwannz.com/feed
阳志平的网志,https://www.yangzhiping.com/feed.xml
IT 公论,http://blog.itgonglun.com/feed/
水八口记,https://blog.shuiba.co/feed
TTmass,http://www.ttmass.com/feed/
中文日志 on Yihui Xie | 谢益辉,https://yihui.org/cn/index.xml
iNote,https://inote.xyz/rss
SamWanng,https://samwanng.com/feed
城堡阅读,https://chengbaoyuedu.cn/feed/
从良未遂,http://www.ithmz.com/feed
UCM｜不马克,http://www.uncoverman.com/feed
Jenny Chen Jiaying,https://chenjiaying.blog/feed
四季书评,http://www.4sbooks.com/feed
左岸读书,http://www.zreading.cn/feed
逆时针博客,http://www.mydes.top/feed.asp
張維中官方網站,https://weizhongzhang.com/feed/
美国日记,http://cn.derekyang.us/feed
梦幻辰风,http://www.mhcf.net/rss.php
苏菲独立书店,http://feed.feedsky.com/MyOwnIndieBookstore
影像日报,http://moviesoon.com/news/feed/
书格,https://new.shuge.org/feed/
胶片的味道 | 胶片的味道,http://letsfilm.org/feed
ZAPRO · 杂铺,https://tmioe.com/feed
音范丝|影音集,http://www.yinfans.me/feed
ACG批评,http://www.acgpiping.net/feed/
U-ACG,http://www.u-acg.com/feed
 触乐 ,http://www.chuapp.com/feed
拆盒网,http://www.chaihezi.com/feed/
GamerBoom.com 游戏邦,http://gamerboom.com/feed
游戏葡萄,http://youxiputao.com/feed
机核,https://www.gcores.com/rss
游戏时光头条,https://www.vgtime.com/rss.jhtml
初之音,https://www.himiku.com/feed/
GameLook | 中国领先的游戏产业媒体,http://www.gamelook.com.cn/feed
ArchDaily,http://www.archdaily.cn/cn/feed
若望的翻译车间,https://untranslatable.home.blog/feed/
日本文化物語,http://m-miya.net/blog/feed
煎蛋,http://jandan.net/feed
PanSci 泛科學,http://pansci.asia/feed
爱思想头条,http://www.aisixiang.com/rss.php?type=1
行者晓路,http://stuit.cn/Xiaolu/feed.asp
澎湃古代艺术,https://feed43.com/the-papers-oldarts.xml
知乎每日精选,http://www.zhihu.com/rss
科学猫头鹰,http://www.sciowl.com/feed/
IT之家,http://www.ithome.com/rss/
PingWest品玩,https://www.pingwest.com/feed/all
钛媒体：引领未来商业与生活新知,http://www.tmtpost.com/feed
飞天射狼,http://shihb.blog.sohu.com/rss
36氪,https://36kr.com/feed
好奇心日报,http://www.qdaily.com/feed.xml
极客公园,https://www.geekpark.net/rss
Engadget RSS Feed,https://www.engadget.com/rss.xml
猎云网,http://www.lieyunwang.com/feed
财新博客-新世纪的常识传播者-财新网»首页,http://blog.caixin.com/feed
动点科技,http://cn.technode.com/feed/
互联网的一些事,http://feed.yixieshi.com/
哈佛商业评论首页_ 哈佛商业评论,https://app.hbrchina.org/?app=rss&controller=index&action=feed&catid=26
老沙博客,http://blog.sina.com.cn/rss/1279884602.xml
cnBeta.COM RSS订阅,https://www.cnbeta.com/backend.php
 虎嗅 ,https://rss.huxiu.com/
最新更新 – Solidot,http://solidot.org/index.rss
站长之家,http://app.chinaz.com/?app=rss
SKYue's Home,https://www.skyue.com/feed
海德沙龙（HeadSalon）,http://headsalon.org/feed
運動視界 Sports Vision,http://www.sportsv.net/authors/raphaelvue/feed
推播助栏,https://enzochen.substack.com/feed
JustPod,https://justpodnews.com/rss/
FOTOMEN,https://fotomen.cn/rss
华丽志,http://luxe.co/feed/
HYPEBEAST,https://hypebeast.cn/feed
YOHO!潮流资讯,http://www.yohoboys.com/rss
